
b_ts, b_mean, b_std, p_ts, p_mean, p_std, a_ts, a_mean, a_std, rte(ms), gpu, trades, generations, blocksize
1513017293, 0.011821, 0.000067, 1513017293, 0.011821, 0.000067, 1513017293, 0.011809, 0.000065, 24.785824, 1, 1, 1, 128
b_ts, b_mean, b_std, p_ts, p_mean, p_std, a_ts, a_mean, a_std, rte(ms), gpu, trades, generations, blocksize
1513017301, 0.011809, 0.000065, 1513017301, 0.011809, 0.000065, 1513017301, 0.011803, 0.000071, 24.919935, 1, 1, 1, 256
b_ts, b_mean, b_std, p_ts, p_mean, p_std, a_ts, a_mean, a_std, rte(ms), gpu, trades, generations, blocksize
1513017309, 0.011773, 0.000065, 1513017309, 0.011773, 0.000065, 1513017309, 0.011736, 0.000094, 25.290752, 1, 1, 1, 512
b_ts, b_mean, b_std, p_ts, p_mean, p_std, a_ts, a_mean, a_std, rte(ms), gpu, trades, generations, blocksize
1513017317, 0.011736, 0.000094, 1513017317, 0.011736, 0.011736, 1513017317, 0.011740, 0.000075, 26.204256, 1, 1, 1, 1024
b_ts, b_mean, b_std, p_ts, p_mean, p_std, a_ts, a_mean, a_std, rte(ms), gpu, trades, generations, blocksize
1513017326, 0.011791, 0.000073, 1513017326, 0.011791, 0.000073, 1513017326, 0.011772, 0.000083, 24.832832, 1, 1, 6, 128
b_ts, b_mean, b_std, p_ts, p_mean, p_std, a_ts, a_mean, a_std, rte(ms), gpu, trades, generations, blocksize
1513017333, 0.011772, 0.000083, 1513017334, 0.011772, 0.000083, 1513017334, 0.011772, 0.000084, 25.036833, 1, 1, 6, 256
b_ts, b_mean, b_std, p_ts, p_mean, p_std, a_ts, a_mean, a_std, rte(ms), gpu, trades, generations, blocksize
1513017342, 0.011857, 0.000105, 1513017342, 0.011857, 0.000105, 1513017342, 0.011777, 0.000076, 25.202433, 1, 1, 6, 512
b_ts, b_mean, b_std, p_ts, p_mean, p_std, a_ts, a_mean, a_std, rte(ms), gpu, trades, generations, blocksize
1513017350, 0.011777, 0.000076, 1513017350, 0.011777, 0.011777, 1513017350, 0.011775, 0.000075, 26.151104, 1, 1, 6, 1024
b_ts, b_mean, b_std, p_ts, p_mean, p_std, a_ts, a_mean, a_std, rte(ms), gpu, trades, generations, blocksize
1513017358, 0.011755, 0.000080, 1513017358, 0.011755, 0.000080, 1513017358, 0.011826, 0.000100, 24.932384, 1, 1, 12, 128
b_ts, b_mean, b_std, p_ts, p_mean, p_std, a_ts, a_mean, a_std, rte(ms), gpu, trades, generations, blocksize
1513017366, 0.011800, 0.000062, 1513017366, 0.011800, 0.000062, 1513017366, 0.011865, 0.000098, 24.922880, 1, 1, 12, 256
b_ts, b_mean, b_std, p_ts, p_mean, p_std, a_ts, a_mean, a_std, rte(ms), gpu, trades, generations, blocksize
1513017374, 0.011866, 0.000099, 1513017374, 0.011866, 0.000099, 1513017374, 0.011862, 0.000090, 25.283327, 1, 1, 12, 512
b_ts, b_mean, b_std, p_ts, p_mean, p_std, a_ts, a_mean, a_std, rte(ms), gpu, trades, generations, blocksize
1513017382, 0.011862, 0.000090, 1513017382, 0.011862, 0.011862, 1513017382, 0.011870, 0.000081, 26.169409, 1, 1, 12, 1024
b_ts, b_mean, b_std, p_ts, p_mean, p_std, a_ts, a_mean, a_std, rte(ms), gpu, trades, generations, blocksize
1513017389, 0.011874, 0.000092, 1513017389, 0.011874, 0.000092, 1513017389, 0.011875, 0.000075, 24.831360, 1, 1, 36, 128
b_ts, b_mean, b_std, p_ts, p_mean, p_std, a_ts, a_mean, a_std, rte(ms), gpu, trades, generations, blocksize
1513017398, 0.011875, 0.000075, 1513017398, 0.011875, 0.000075, 1513017398, 0.011842, 0.000086, 24.924768, 1, 1, 36, 256
b_ts, b_mean, b_std, p_ts, p_mean, p_std, a_ts, a_mean, a_std, rte(ms), gpu, trades, generations, blocksize
1513017406, 0.011842, 0.000086, 1513017406, 0.011842, 0.000086, 1513017406, 0.011873, 0.000080, 25.276575, 1, 1, 36, 512
b_ts, b_mean, b_std, p_ts, p_mean, p_std, a_ts, a_mean, a_std, rte(ms), gpu, trades, generations, blocksize
1513017414, 0.011874, 0.000080, 1513017414, 0.011874, 0.011874, 1513017414, 0.011859, 0.000078, 26.174879, 1, 1, 36, 1024
b_ts, b_mean, b_std, p_ts, p_mean, p_std, a_ts, a_mean, a_std, rte(ms), gpu, trades, generations, blocksize
1513017422, 0.011859, 0.000078, 1513017422, 0.011859, 0.000078, 1513017422, 0.011858, 0.000073, 24.839808, 1, 1, 72, 128
b_ts, b_mean, b_std, p_ts, p_mean, p_std, a_ts, a_mean, a_std, rte(ms), gpu, trades, generations, blocksize
1513017431, 0.011862, 0.000085, 1513017431, 0.011862, 0.000085, 1513017431, 0.011863, 0.000062, 24.977633, 1, 1, 72, 256
b_ts, b_mean, b_std, p_ts, p_mean, p_std, a_ts, a_mean, a_std, rte(ms), gpu, trades, generations, blocksize
1513017438, 0.011863, 0.000062, 1513017438, 0.011863, 0.000062, 1513017438, 0.011857, 0.000081, 25.284576, 1, 1, 72, 512
b_ts, b_mean, b_std, p_ts, p_mean, p_std, a_ts, a_mean, a_std, rte(ms), gpu, trades, generations, blocksize
1513017446, 0.011816, 0.000068, 1513017446, 0.011816, 0.011816, 1513017446, 0.011836, 0.000057, 26.197727, 1, 1, 72, 1024
b_ts, b_mean, b_std, p_ts, p_mean, p_std, a_ts, a_mean, a_std, rte(ms), gpu, trades, generations, blocksize
1513017453, 0.011836, 0.000057, 1513017454, 0.011836, 0.000057, 1513017454, 0.011830, 0.000061, 24.910912, 1, 1, 144, 128
b_ts, b_mean, b_std, p_ts, p_mean, p_std, a_ts, a_mean, a_std, rte(ms), gpu, trades, generations, blocksize
1513017463, 0.011830, 0.000061, 1513017463, 0.011830, 0.000061, 1513017463, 0.011823, 0.000074, 24.982176, 1, 1, 144, 256
b_ts, b_mean, b_std, p_ts, p_mean, p_std, a_ts, a_mean, a_std, rte(ms), gpu, trades, generations, blocksize
1513017473, 0.011828, 0.000075, 1513017473, 0.011828, 0.000075, 1513017473, 0.011849, 0.000087, 22.584961, 1, 1, 144, 512
b_ts, b_mean, b_std, p_ts, p_mean, p_std, a_ts, a_mean, a_std, rte(ms), gpu, trades, generations, blocksize
1513017481, 0.011849, 0.000087, 1513017481, 0.011849, 0.011849, 1513017481, 0.011844, 0.000063, 26.168833, 1, 1, 144, 1024
b_ts, b_mean, b_std, p_ts, p_mean, p_std, a_ts, a_mean, a_std, rte(ms), gpu, trades, generations, blocksize
1513017488, 0.011846, 0.000092, 1513017488, 0.011846, 0.000092, 1513017488, 0.011856, 0.000069, 25.296928, 1, 1, 1024, 128
b_ts, b_mean, b_std, p_ts, p_mean, p_std, a_ts, a_mean, a_std, rte(ms), gpu, trades, generations, blocksize
1513017497, 0.011881, 0.000067, 1513017497, 0.011881, 0.000067, 1513017497, 0.011872, 0.000060, 25.321695, 1, 1, 1024, 256
b_ts, b_mean, b_std, p_ts, p_mean, p_std, a_ts, a_mean, a_std, rte(ms), gpu, trades, generations, blocksize
1513017505, 0.011861, 0.000054, 1513017505, 0.011861, 0.000054, 1513017505, 0.011883, 0.000061, 25.447647, 1, 1, 1024, 512
b_ts, b_mean, b_std, p_ts, p_mean, p_std, a_ts, a_mean, a_std, rte(ms), gpu, trades, generations, blocksize
1513017513, 0.011883, 0.000061, 1513017513, 0.011883, 0.000061, 1513017513, 0.011888, 0.000060, 26.163391, 1, 1, 1024, 1024
b_ts, b_mean, b_std, p_ts, p_mean, p_std, a_ts, a_mean, a_std, rte(ms), gpu, trades, generations, blocksize
1513017521, 0.011888, 0.000060, 1513017521, 0.011888, 0.000060, 1513017521, 0.011899, 0.000060, 25.531872, 1, 1, 2048, 128
b_ts, b_mean, b_std, p_ts, p_mean, p_std, a_ts, a_mean, a_std, rte(ms), gpu, trades, generations, blocksize
1513017530, 0.011903, 0.000059, 1513017530, 0.011903, 0.000059, 1513017530, 0.011902, 0.000058, 25.539583, 1, 1, 2048, 256
b_ts, b_mean, b_std, p_ts, p_mean, p_std, a_ts, a_mean, a_std, rte(ms), gpu, trades, generations, blocksize
1513017537, 0.011902, 0.000058, 1513017537, 0.011902, 0.000058, 1513017537, 0.011894, 0.000047, 25.641279, 1, 1, 2048, 512
b_ts, b_mean, b_std, p_ts, p_mean, p_std, a_ts, a_mean, a_std, rte(ms), gpu, trades, generations, blocksize
1513017546, 0.011892, 0.000072, 1513017546, 0.011892, 0.000072, 1513017546, 0.011886, 0.000063, 26.285503, 1, 1, 2048, 1024
b_ts, b_mean, b_std, p_ts, p_mean, p_std, a_ts, a_mean, a_std, rte(ms), gpu, trades, generations, blocksize
1513017556, 0.011886, 0.000063, 1513017556, 0.011886, 0.000063, 1513017556, 0.011855, 0.000091, 26.031073, 1, 1, 4096, 128
b_ts, b_mean, b_std, p_ts, p_mean, p_std, a_ts, a_mean, a_std, rte(ms), gpu, trades, generations, blocksize
1513017565, 0.011876, 0.000076, 1513017565, 0.011876, 0.000076, 1513017565, 0.011871, 0.000082, 25.884256, 1, 1, 4096, 256
b_ts, b_mean, b_std, p_ts, p_mean, p_std, a_ts, a_mean, a_std, rte(ms), gpu, trades, generations, blocksize
1513017573, 0.011854, 0.000097, 1513017573, 0.011854, 0.000097, 1513017573, 0.011859, 0.000091, 26.064735, 1, 1, 4096, 512
b_ts, b_mean, b_std, p_ts, p_mean, p_std, a_ts, a_mean, a_std, rte(ms), gpu, trades, generations, blocksize
1513017582, 0.011859, 0.000091, 1513017582, 0.011859, 0.000091, 1513017582, 0.011851, 0.000093, 26.616768, 1, 1, 4096, 1024
b_ts, b_mean, b_std, p_ts, p_mean, p_std, a_ts, a_mean, a_std, rte(ms), gpu, trades, generations, blocksize
b_ts, b_mean, b_std, p_ts, p_mean, p_std, a_ts, a_mean, a_std, rte(ms), gpu, trades, generations, blocksize
1513017626, 0.011876, 0.000083, 1513017626, 0.011876, 0.000083, 1513017626, 0.011871, 0.000077, 26.774015, 1, 1, 8192, 256
b_ts, b_mean, b_std, p_ts, p_mean, p_std, a_ts, a_mean, a_std, rte(ms), gpu, trades, generations, blocksize
1513017634, 0.011893, 0.000067, 1513017634, 0.011893, 0.000067, 1513017634, 0.011871, 0.000082, 27.031712, 1, 1, 8192, 512
b_ts, b_mean, b_std, p_ts, p_mean, p_std, a_ts, a_mean, a_std, rte(ms), gpu, trades, generations, blocksize
1513017643, 0.011837, 0.000091, 1513017643, 0.011837, 0.000091, 1513017643, 0.011901, 0.000061, 27.051744, 1, 1, 8192, 1024
b_ts, b_mean, b_std, p_ts, p_mean, p_std, a_ts, a_mean, a_std, rte(ms), gpu, trades, generations, blocksize
1513017653, 0.011894, 0.000069, 1513017653, 0.011904, 0.000060, 1513017654, 0.011897, 0.000067, 28.686880, 1, 5, 1, 128
b_ts, b_mean, b_std, p_ts, p_mean, p_std, a_ts, a_mean, a_std, rte(ms), gpu, trades, generations, blocksize
1513017664, 0.011897, 0.000067, 1513017664, 0.011897, 0.000067, 1513017665, 0.011897, 0.000067, 28.777760, 1, 5, 1, 256
b_ts, b_mean, b_std, p_ts, p_mean, p_std, a_ts, a_mean, a_std, rte(ms), gpu, trades, generations, blocksize
1513017675, 0.011903, 0.000061, 1513017675, 0.011903, 0.000061, 1513017676, 0.011915, 0.000051, 29.348127, 1, 5, 1, 512
b_ts, b_mean, b_std, p_ts, p_mean, p_std, a_ts, a_mean, a_std, rte(ms), gpu, trades, generations, blocksize
1513017685, 0.011915, 0.000051, 1513017685, 0.011921, 0.011921, 1513017686, 0.011914, 0.000053, 32.053631, 1, 5, 1, 1024
b_ts, b_mean, b_std, p_ts, p_mean, p_std, a_ts, a_mean, a_std, rte(ms), gpu, trades, generations, blocksize
1513017694, 0.011930, 0.000039, 1513017694, 0.011930, 0.000039, 1513017695, 0.011928, 0.000048, 28.435648, 1, 5, 6, 128
b_ts, b_mean, b_std, p_ts, p_mean, p_std, a_ts, a_mean, a_std, rte(ms), gpu, trades, generations, blocksize
1513017704, 0.011928, 0.000048, 1513017704, 0.011928, 0.000047, 1513017705, 0.011927, 0.000049, 28.556480, 1, 5, 6, 256
b_ts, b_mean, b_std, p_ts, p_mean, p_std, a_ts, a_mean, a_std, rte(ms), gpu, trades, generations, blocksize
1513017715, 0.011926, 0.000042, 1513017715, 0.011926, 0.000042, 1513017716, 0.011924, 0.000047, 29.331072, 1, 5, 6, 512
b_ts, b_mean, b_std, p_ts, p_mean, p_std, a_ts, a_mean, a_std, rte(ms), gpu, trades, generations, blocksize
1513017724, 0.011926, 0.000052, 1513017724, 0.011925, 0.000052, 1513017725, 0.011924, 0.000049, 31.252960, 1, 5, 6, 1024
b_ts, b_mean, b_std, p_ts, p_mean, p_std, a_ts, a_mean, a_std, rte(ms), gpu, trades, generations, blocksize
1513017733, 0.011924, 0.000049, 1513017733, 0.011924, 0.000049, 1513017734, 0.011920, 0.000053, 28.478720, 1, 5, 12, 128
b_ts, b_mean, b_std, p_ts, p_mean, p_std, a_ts, a_mean, a_std, rte(ms), gpu, trades, generations, blocksize
1513017743, 0.011916, 0.000053, 1513017743, 0.011916, 0.000053, 1513017744, 0.011918, 0.000058, 28.590143, 1, 5, 12, 256
b_ts, b_mean, b_std, p_ts, p_mean, p_std, a_ts, a_mean, a_std, rte(ms), gpu, trades, generations, blocksize
1513017752, 0.011918, 0.000058, 1513017752, 0.011918, 0.000057, 1513017753, 0.011918, 0.000048, 30.471169, 1, 5, 12, 512
b_ts, b_mean, b_std, p_ts, p_mean, p_std, a_ts, a_mean, a_std, rte(ms), gpu, trades, generations, blocksize
1513017761, 0.011918, 0.000048, 1513017761, 0.011925, 0.000042, 1513017762, 0.011908, 0.000059, 32.150177, 1, 5, 12, 1024
b_ts, b_mean, b_std, p_ts, p_mean, p_std, a_ts, a_mean, a_std, rte(ms), gpu, trades, generations, blocksize
1513017769, 0.011908, 0.000059, 1513017769, 0.011910, 0.000057, 1513017770, 0.011919, 0.000060, 28.565248, 1, 5, 36, 128
b_ts, b_mean, b_std, p_ts, p_mean, p_std, a_ts, a_mean, a_std, rte(ms), gpu, trades, generations, blocksize
1513017778, 0.011924, 0.000054, 1513017778, 0.011924, 0.000053, 1513017779, 0.011916, 0.000062, 28.756449, 1, 5, 36, 256
b_ts, b_mean, b_std, p_ts, p_mean, p_std, a_ts, a_mean, a_std, rte(ms), gpu, trades, generations, blocksize
1513017788, 0.011916, 0.000062, 1513017788, 0.011915, 0.000062, 1513017789, 0.011936, 0.000055, 29.439072, 1, 5, 36, 512
b_ts, b_mean, b_std, p_ts, p_mean, p_std, a_ts, a_mean, a_std, rte(ms), gpu, trades, generations, blocksize
1513017797, 0.011926, 0.000067, 1513017797, 0.011924, 0.000067, 1513017798, 0.011925, 0.000061, 31.734400, 1, 5, 36, 1024
b_ts, b_mean, b_std, p_ts, p_mean, p_std, a_ts, a_mean, a_std, rte(ms), gpu, trades, generations, blocksize
1513017806, 0.011925, 0.000061, 1513017806, 0.011925, 0.000061, 1513017807, 0.011914, 0.000060, 28.509920, 1, 5, 72, 128
b_ts, b_mean, b_std, p_ts, p_mean, p_std, a_ts, a_mean, a_std, rte(ms), gpu, trades, generations, blocksize
1513017815, 0.011914, 0.000060, 1513017815, 0.011911, 0.000059, 1513017816, 0.011929, 0.000062, 28.608736, 1, 5, 72, 256
b_ts, b_mean, b_std, p_ts, p_mean, p_std, a_ts, a_mean, a_std, rte(ms), gpu, trades, generations, blocksize
1513017824, 0.011929, 0.000062, 1513017824, 0.011930, 0.000060, 1513017825, 0.011930, 0.000062, 29.385441, 1, 5, 72, 512
b_ts, b_mean, b_std, p_ts, p_mean, p_std, a_ts, a_mean, a_std, rte(ms), gpu, trades, generations, blocksize
1513017834, 0.011930, 0.000062, 1513017834, 0.011930, 0.006655, 1513017835, 0.011910, 0.000070, 31.276287, 1, 5, 72, 1024
b_ts, b_mean, b_std, p_ts, p_mean, p_std, a_ts, a_mean, a_std, rte(ms), gpu, trades, generations, blocksize
1513017844, 0.011910, 0.000070, 1513017844, 0.011910, 0.000068, 1513017845, 0.011919, 0.000063, 28.426529, 1, 5, 144, 128
b_ts, b_mean, b_std, p_ts, p_mean, p_std, a_ts, a_mean, a_std, rte(ms), gpu, trades, generations, blocksize
1513017853, 0.011919, 0.000063, 1513017853, 0.011918, 0.000063, 1513017854, 0.011921, 0.000063, 28.660576, 1, 5, 144, 256
b_ts, b_mean, b_std, p_ts, p_mean, p_std, a_ts, a_mean, a_std, rte(ms), gpu, trades, generations, blocksize
1513017862, 0.011919, 0.000063, 1513017862, 0.011900, 0.000060, 1513017863, 0.011925, 0.000062, 29.403936, 1, 5, 144, 512
b_ts, b_mean, b_std, p_ts, p_mean, p_std, a_ts, a_mean, a_std, rte(ms), gpu, trades, generations, blocksize
1513017872, 0.011899, 0.000060, 1513017872, 0.011902, 0.009270, 1513017873, 0.011898, 0.000061, 31.819777, 1, 5, 144, 1024
b_ts, b_mean, b_std, p_ts, p_mean, p_std, a_ts, a_mean, a_std, rte(ms), gpu, trades, generations, blocksize
1513017883, 0.011898, 0.000061, 1513017883, 0.011898, 0.000061, 1513017884, 0.011904, 0.000057, 30.047104, 1, 5, 1024, 128
b_ts, b_mean, b_std, p_ts, p_mean, p_std, a_ts, a_mean, a_std, rte(ms), gpu, trades, generations, blocksize
1513017893, 0.011904, 0.000057, 1513017893, 0.011905, 0.000056, 1513017894, 0.011904, 0.000056, 30.141088, 1, 5, 1024, 256
b_ts, b_mean, b_std, p_ts, p_mean, p_std, a_ts, a_mean, a_std, rte(ms), gpu, trades, generations, blocksize
1513017902, 0.011904, 0.000056, 1513017902, 0.011906, 0.000055, 1513017903, 0.011902, 0.000057, 30.429695, 1, 5, 1024, 512
b_ts, b_mean, b_std, p_ts, p_mean, p_std, a_ts, a_mean, a_std, rte(ms), gpu, trades, generations, blocksize
1513017912, 0.011901, 0.000053, 1513017912, 0.011903, 0.000053, 1513017913, 0.011899, 0.000057, 32.139874, 1, 5, 1024, 1024
b_ts, b_mean, b_std, p_ts, p_mean, p_std, a_ts, a_mean, a_std, rte(ms), gpu, trades, generations, blocksize
1513017920, 0.011899, 0.000057, 1513017920, 0.011901, 0.000054, 1513017921, 0.011924, 0.000042, 30.799105, 1, 5, 2048, 128
b_ts, b_mean, b_std, p_ts, p_mean, p_std, a_ts, a_mean, a_std, rte(ms), gpu, trades, generations, blocksize
1513017929, 0.011899, 0.000056, 1513017929, 0.011898, 0.000055, 1513017930, 0.011892, 0.000063, 31.095776, 1, 5, 2048, 256
b_ts, b_mean, b_std, p_ts, p_mean, p_std, a_ts, a_mean, a_std, rte(ms), gpu, trades, generations, blocksize
1513017938, 0.011901, 0.000054, 1513017938, 0.011901, 0.000054, 1513017939, 0.011848, 0.000090, 31.072224, 1, 5, 2048, 512
b_ts, b_mean, b_std, p_ts, p_mean, p_std, a_ts, a_mean, a_std, rte(ms), gpu, trades, generations, blocksize
1513017962, 0.011849, 0.000088, 1513017962, 0.011850, 0.000086, 1513017963, 0.011860, 0.000083, 32.426079, 1, 5, 2048, 1024
b_ts, b_mean, b_std, p_ts, p_mean, p_std, a_ts, a_mean, a_std, rte(ms), gpu, trades, generations, blocksize
1513017970, 0.011836, 0.000096, 1513017970, 0.011835, 0.000093, 1513017971, 0.011844, 0.000089, 32.017567, 1, 5, 4096, 128
b_ts, b_mean, b_std, p_ts, p_mean, p_std, a_ts, a_mean, a_std, rte(ms), gpu, trades, generations, blocksize
1513017979, 0.011844, 0.000089, 1513017979, 0.011846, 0.000088, 1513017980, 0.011780, 0.000100, 31.787680, 1, 5, 4096, 256
b_ts, b_mean, b_std, p_ts, p_mean, p_std, a_ts, a_mean, a_std, rte(ms), gpu, trades, generations, blocksize
1513017988, 0.011798, 0.000102, 1513017988, 0.011841, 0.000083, 1513017989, 0.011854, 0.000087, 32.112926, 1, 5, 4096, 512
b_ts, b_mean, b_std, p_ts, p_mean, p_std, a_ts, a_mean, a_std, rte(ms), gpu, trades, generations, blocksize
1513017998, 0.011854, 0.000087, 1513017998, 0.011850, 0.000083, 1513017999, 0.011845, 0.000088, 32.953728, 1, 5, 4096, 1024
b_ts, b_mean, b_std, p_ts, p_mean, p_std, a_ts, a_mean, a_std, rte(ms), gpu, trades, generations, blocksize
1513018007, 0.011845, 0.000088, 1513018007, 0.011845, 0.000085, 1513018008, 0.011779, 0.000108, 34.250401, 1, 5, 8192, 128
b_ts, b_mean, b_std, p_ts, p_mean, p_std, a_ts, a_mean, a_std, rte(ms), gpu, trades, generations, blocksize
1513018015, 0.011781, 0.000104, 1513018016, 0.011783, 0.000102, 1513018017, 0.011779, 0.000097, 33.853855, 1, 5, 8192, 256
b_ts, b_mean, b_std, p_ts, p_mean, p_std, a_ts, a_mean, a_std, rte(ms), gpu, trades, generations, blocksize
1513018024, 0.011777, 0.000102, 1513018025, 0.011780, 0.000099, 1513018026, 0.011761, 0.000098, 34.422722, 1, 5, 8192, 512
b_ts, b_mean, b_std, p_ts, p_mean, p_std, a_ts, a_mean, a_std, rte(ms), gpu, trades, generations, blocksize
1513018033, 0.011761, 0.000098, 1513018033, 0.011760, 0.000096, 1513018034, 0.011774, 0.000097, 34.399937, 1, 5, 8192, 1024
b_ts, b_mean, b_std, p_ts, p_mean, p_std, a_ts, a_mean, a_std, rte(ms), gpu, trades, generations, blocksize
1513018043, 0.011816, 0.000111, 1513018043, 0.011824, 0.000102, 1513018045, 0.011819, 0.000104, 33.298111, 1, 10, 1, 128
b_ts, b_mean, b_std, p_ts, p_mean, p_std, a_ts, a_mean, a_std, rte(ms), gpu, trades, generations, blocksize
1513018053, 0.011851, 0.000092, 1513018053, 0.011849, 0.000088, 1513018055, 0.011823, 0.000112, 34.366753, 1, 10, 1, 256
b_ts, b_mean, b_std, p_ts, p_mean, p_std, a_ts, a_mean, a_std, rte(ms), gpu, trades, generations, blocksize
1513018063, 0.011823, 0.000112, 1513018063, 0.011824, 0.000110, 1513018065, 0.011824, 0.000110, 35.750080, 1, 10, 1, 512
b_ts, b_mean, b_std, p_ts, p_mean, p_std, a_ts, a_mean, a_std, rte(ms), gpu, trades, generations, blocksize
1513018075, 0.011834, 0.000106, 1513018075, 0.011832, 0.011832, 1513018077, 0.011846, 0.000086, 39.959103, 1, 10, 1, 1024
b_ts, b_mean, b_std, p_ts, p_mean, p_std, a_ts, a_mean, a_std, rte(ms), gpu, trades, generations, blocksize
1513018086, 0.011846, 0.000087, 1513018086, 0.011842, 0.000084, 1513018088, 0.011849, 0.000084, 33.392673, 1, 10, 6, 128
b_ts, b_mean, b_std, p_ts, p_mean, p_std, a_ts, a_mean, a_std, rte(ms), gpu, trades, generations, blocksize
1513018100, 0.011860, 0.000075, 1513018100, 0.011861, 0.000072, 1513018102, 0.011861, 0.000091, 33.767521, 1, 10, 6, 256
b_ts, b_mean, b_std, p_ts, p_mean, p_std, a_ts, a_mean, a_std, rte(ms), gpu, trades, generations, blocksize
1513018110, 0.011861, 0.000091, 1513018110, 0.011873, 0.000084, 1513018112, 0.011877, 0.000074, 35.140610, 1, 10, 6, 512
b_ts, b_mean, b_std, p_ts, p_mean, p_std, a_ts, a_mean, a_std, rte(ms), gpu, trades, generations, blocksize
1513018121, 0.011877, 0.000074, 1513018121, 0.011879, 0.000073, 1513018123, 0.011863, 0.000085, 40.132065, 1, 10, 6, 1024
b_ts, b_mean, b_std, p_ts, p_mean, p_std, a_ts, a_mean, a_std, rte(ms), gpu, trades, generations, blocksize
1513018131, 0.011863, 0.000085, 1513018131, 0.011861, 0.000082, 1513018133, 0.011781, 0.000104, 33.665089, 1, 10, 12, 128
b_ts, b_mean, b_std, p_ts, p_mean, p_std, a_ts, a_mean, a_std, rte(ms), gpu, trades, generations, blocksize
1513018143, 0.011781, 0.000104, 1513018143, 0.011783, 0.000102, 1513018145, 0.011834, 0.000092, 33.170689, 1, 10, 12, 256
b_ts, b_mean, b_std, p_ts, p_mean, p_std, a_ts, a_mean, a_std, rte(ms), gpu, trades, generations, blocksize
1513018153, 0.011834, 0.000092, 1513018153, 0.011828, 0.000088, 1513018155, 0.011850, 0.000086, 36.689152, 1, 10, 12, 512
b_ts, b_mean, b_std, p_ts, p_mean, p_std, a_ts, a_mean, a_std, rte(ms), gpu, trades, generations, blocksize
1513018163, 0.011848, 0.000095, 1513018164, 0.011853, 0.011853, 1513018166, 0.011864, 0.000075, 39.334846, 1, 10, 12, 1024
b_ts, b_mean, b_std, p_ts, p_mean, p_std, a_ts, a_mean, a_std, rte(ms), gpu, trades, generations, blocksize
1513018176, 0.011848, 0.000086, 1513018176, 0.011846, 0.000085, 1513018178, 0.011853, 0.000090, 35.038494, 1, 10, 36, 128
b_ts, b_mean, b_std, p_ts, p_mean, p_std, a_ts, a_mean, a_std, rte(ms), gpu, trades, generations, blocksize
1513018186, 0.011853, 0.000090, 1513018186, 0.011852, 0.000086, 1513018188, 0.011861, 0.000083, 33.719551, 1, 10, 36, 256
b_ts, b_mean, b_std, p_ts, p_mean, p_std, a_ts, a_mean, a_std, rte(ms), gpu, trades, generations, blocksize
1513018197, 0.011861, 0.000083, 1513018197, 0.011861, 0.000081, 1513018199, 0.011856, 0.000079, 34.671169, 1, 10, 36, 512
b_ts, b_mean, b_std, p_ts, p_mean, p_std, a_ts, a_mean, a_std, rte(ms), gpu, trades, generations, blocksize
1513018207, 0.011855, 0.000083, 1513018207, 0.011865, 0.001386, 1513018209, 0.011878, 0.000064, 38.602753, 1, 10, 36, 1024
b_ts, b_mean, b_std, p_ts, p_mean, p_std, a_ts, a_mean, a_std, rte(ms), gpu, trades, generations, blocksize
1513018217, 0.011880, 0.000067, 1513018217, 0.011881, 0.000064, 1513018219, 0.011868, 0.000069, 34.421856, 1, 10, 72, 128
b_ts, b_mean, b_std, p_ts, p_mean, p_std, a_ts, a_mean, a_std, rte(ms), gpu, trades, generations, blocksize
1513018226, 0.011861, 0.000068, 1513018226, 0.011860, 0.000064, 1513018228, 0.011875, 0.000063, 35.157536, 1, 10, 72, 256
b_ts, b_mean, b_std, p_ts, p_mean, p_std, a_ts, a_mean, a_std, rte(ms), gpu, trades, generations, blocksize
1513018236, 0.011875, 0.000063, 1513018236, 0.011872, 0.000062, 1513018238, 0.011852, 0.000083, 36.644417, 1, 10, 72, 512
b_ts, b_mean, b_std, p_ts, p_mean, p_std, a_ts, a_mean, a_std, rte(ms), gpu, trades, generations, blocksize
1513018250, 0.011849, 0.000080, 1513018251, 0.011847, 0.011847, 1513018253, 0.011865, 0.000073, 38.835808, 1, 10, 72, 1024
b_ts, b_mean, b_std, p_ts, p_mean, p_std, a_ts, a_mean, a_std, rte(ms), gpu, trades, generations, blocksize
1513018260, 0.011853, 0.000074, 1513018260, 0.011849, 0.000071, 1513018262, 0.011841, 0.000085, 35.696735, 1, 10, 144, 128
b_ts, b_mean, b_std, p_ts, p_mean, p_std, a_ts, a_mean, a_std, rte(ms), gpu, trades, generations, blocksize
1513018271, 0.011867, 0.000081, 1513018271, 0.011866, 0.000076, 1513018273, 0.011840, 0.000096, 33.906559, 1, 10, 144, 256
b_ts, b_mean, b_std, p_ts, p_mean, p_std, a_ts, a_mean, a_std, rte(ms), gpu, trades, generations, blocksize
1513018280, 0.011840, 0.000096, 1513018280, 0.011852, 0.000088, 1513018282, 0.011858, 0.000073, 35.217472, 1, 10, 144, 512
b_ts, b_mean, b_std, p_ts, p_mean, p_std, a_ts, a_mean, a_std, rte(ms), gpu, trades, generations, blocksize
1513018290, 0.011858, 0.000073, 1513018290, 0.011862, 0.009242, 1513018292, 0.011849, 0.000080, 39.069408, 1, 10, 144, 1024
b_ts, b_mean, b_std, p_ts, p_mean, p_std, a_ts, a_mean, a_std, rte(ms), gpu, trades, generations, blocksize
1513018301, 0.011849, 0.000080, 1513018301, 0.011846, 0.000075, 1513018303, 0.011861, 0.000073, 36.322815, 1, 10, 1024, 128
b_ts, b_mean, b_std, p_ts, p_mean, p_std, a_ts, a_mean, a_std, rte(ms), gpu, trades, generations, blocksize
1513018312, 0.011861, 0.000073, 1513018312, 0.011856, 0.000068, 1513018314, 0.011860, 0.000102, 36.767426, 1, 10, 1024, 256
b_ts, b_mean, b_std, p_ts, p_mean, p_std, a_ts, a_mean, a_std, rte(ms), gpu, trades, generations, blocksize
1513018322, 0.011860, 0.000102, 1513018322, 0.011861, 0.000101, 1513018324, 0.011889, 0.000080, 38.255199, 1, 10, 1024, 512
b_ts, b_mean, b_std, p_ts, p_mean, p_std, a_ts, a_mean, a_std, rte(ms), gpu, trades, generations, blocksize
1513018333, 0.011791, 0.000116, 1513018333, 0.011789, 0.000114, 1513018335, 0.011837, 0.000106, 39.084545, 1, 10, 1024, 1024
b_ts, b_mean, b_std, p_ts, p_mean, p_std, a_ts, a_mean, a_std, rte(ms), gpu, trades, generations, blocksize
1513018345, 0.011837, 0.000106, 1513018345, 0.011839, 0.000103, 1513018347, 0.011840, 0.000108, 37.636032, 1, 10, 2048, 128
b_ts, b_mean, b_std, p_ts, p_mean, p_std, a_ts, a_mean, a_std, rte(ms), gpu, trades, generations, blocksize
1513018355, 0.011840, 0.000108, 1513018355, 0.011841, 0.000106, 1513018357, 0.011819, 0.000106, 38.275616, 1, 10, 2048, 256
b_ts, b_mean, b_std, p_ts, p_mean, p_std, a_ts, a_mean, a_std, rte(ms), gpu, trades, generations, blocksize
1513018365, 0.011825, 0.000096, 1513018365, 0.011823, 0.000095, 1513018367, 0.011767, 0.000095, 37.898079, 1, 10, 2048, 512
b_ts, b_mean, b_std, p_ts, p_mean, p_std, a_ts, a_mean, a_std, rte(ms), gpu, trades, generations, blocksize
1513018374, 0.011810, 0.000105, 1513018374, 0.011816, 0.000095, 1513018376, 0.011772, 0.000107, 40.219646, 1, 10, 2048, 1024
b_ts, b_mean, b_std, p_ts, p_mean, p_std, a_ts, a_mean, a_std, rte(ms), gpu, trades, generations, blocksize
1513018384, 0.011772, 0.000107, 1513018384, 0.011778, 0.000098, 1513018386, 0.011804, 0.000103, 40.544735, 1, 10, 4096, 128
b_ts, b_mean, b_std, p_ts, p_mean, p_std, a_ts, a_mean, a_std, rte(ms), gpu, trades, generations, blocksize
1513018394, 0.011804, 0.000103, 1513018394, 0.011797, 0.000101, 1513018396, 0.011798, 0.000100, 38.929569, 1, 10, 4096, 256
b_ts, b_mean, b_std, p_ts, p_mean, p_std, a_ts, a_mean, a_std, rte(ms), gpu, trades, generations, blocksize
1513018406, 0.011750, 0.000125, 1513018406, 0.011741, 0.000112, 1513018408, 0.011785, 0.000097, 39.528065, 1, 10, 4096, 512
b_ts, b_mean, b_std, p_ts, p_mean, p_std, a_ts, a_mean, a_std, rte(ms), gpu, trades, generations, blocksize
1513018417, 0.011785, 0.000097, 1513018417, 0.011783, 0.000095, 1513018419, 0.011760, 0.000121, 40.503586, 1, 10, 4096, 1024
b_ts, b_mean, b_std, p_ts, p_mean, p_std, a_ts, a_mean, a_std, rte(ms), gpu, trades, generations, blocksize
1513018427, 0.011728, 0.000125, 1513018427, 0.011722, 0.000120, 1513018429, 0.011728, 0.000123, 42.782719, 1, 10, 8192, 128
b_ts, b_mean, b_std, p_ts, p_mean, p_std, a_ts, a_mean, a_std, rte(ms), gpu, trades, generations, blocksize
1513018438, 0.011772, 0.000123, 1513018438, 0.011772, 0.000121, 1513018440, 0.011732, 0.000103, 43.429504, 1, 10, 8192, 256
b_ts, b_mean, b_std, p_ts, p_mean, p_std, a_ts, a_mean, a_std, rte(ms), gpu, trades, generations, blocksize
1513018449, 0.011748, 0.000115, 1513018449, 0.011727, 0.000099, 1513018451, 0.011795, 0.000120, 44.150143, 1, 10, 8192, 512
b_ts, b_mean, b_std, p_ts, p_mean, p_std, a_ts, a_mean, a_std, rte(ms), gpu, trades, generations, blocksize
1513018459, 0.011795, 0.000120, 1513018459, 0.011804, 0.000113, 1513018461, 0.011740, 0.000120, 43.083553, 1, 10, 8192, 1024
b_ts, b_mean, b_std, p_ts, p_mean, p_std, a_ts, a_mean, a_std, rte(ms), gpu, trades, generations, blocksize
1513018469, 0.011766, 0.000111, 1513018469, 0.011719, 0.000072, 1513018481, 0.011794, 0.000127, 75.762115, 1, 50, 1, 128
b_ts, b_mean, b_std, p_ts, p_mean, p_std, a_ts, a_mean, a_std, rte(ms), gpu, trades, generations, blocksize
1513018489, 0.011820, 0.000120, 1513018489, 0.011724, 0.000066, 1513018501, 0.011819, 0.000109, 76.591805, 1, 50, 1, 256
b_ts, b_mean, b_std, p_ts, p_mean, p_std, a_ts, a_mean, a_std, rte(ms), gpu, trades, generations, blocksize
1513018509, 0.011797, 0.000115, 1513018509, 0.011742, 0.000078, 1513018521, 0.011789, 0.000103, 79.295715, 1, 50, 1, 512
b_ts, b_mean, b_std, p_ts, p_mean, p_std, a_ts, a_mean, a_std, rte(ms), gpu, trades, generations, blocksize
1513018528, 0.011789, 0.000103, 1513018528, 0.011740, 0.000075, 1513018540, 0.011796, 0.000088, 99.975487, 1, 50, 1, 1024
b_ts, b_mean, b_std, p_ts, p_mean, p_std, a_ts, a_mean, a_std, rte(ms), gpu, trades, generations, blocksize
1513018548, 0.011809, 0.000101, 1513018548, 0.011800, 0.000096, 1513018560, 0.011822, 0.000092, 76.056740, 1, 50, 6, 128
b_ts, b_mean, b_std, p_ts, p_mean, p_std, a_ts, a_mean, a_std, rte(ms), gpu, trades, generations, blocksize
1513018569, 0.011822, 0.000092, 1513018569, 0.011801, 0.000086, 1513018581, 0.011830, 0.000092, 78.093056, 1, 50, 6, 256
b_ts, b_mean, b_std, p_ts, p_mean, p_std, a_ts, a_mean, a_std, rte(ms), gpu, trades, generations, blocksize
1513018589, 0.011826, 0.000089, 1513018589, 0.011819, 0.000080, 1513018601, 0.011832, 0.000093, 82.653503, 1, 50, 6, 512
b_ts, b_mean, b_std, p_ts, p_mean, p_std, a_ts, a_mean, a_std, rte(ms), gpu, trades, generations, blocksize
1513018609, 0.011832, 0.000093, 1513018609, 0.011844, 0.011845, 1513018621, 0.011851, 0.000094, 103.046082, 1, 50, 6, 1024
b_ts, b_mean, b_std, p_ts, p_mean, p_std, a_ts, a_mean, a_std, rte(ms), gpu, trades, generations, blocksize
1513018629, 0.011851, 0.000094, 1513018629, 0.011836, 0.000090, 1513018641, 0.011844, 0.000083, 76.367393, 1, 50, 12, 128
b_ts, b_mean, b_std, p_ts, p_mean, p_std, a_ts, a_mean, a_std, rte(ms), gpu, trades, generations, blocksize
1513018649, 0.011844, 0.000083, 1513018649, 0.011846, 0.000075, 1513018661, 0.011835, 0.000084, 76.041313, 1, 50, 12, 256
b_ts, b_mean, b_std, p_ts, p_mean, p_std, a_ts, a_mean, a_std, rte(ms), gpu, trades, generations, blocksize
1513018669, 0.011851, 0.000088, 1513018669, 0.011844, 0.000080, 1513018681, 0.011854, 0.000087, 81.734467, 1, 50, 12, 512
b_ts, b_mean, b_std, p_ts, p_mean, p_std, a_ts, a_mean, a_std, rte(ms), gpu, trades, generations, blocksize
1513018689, 0.011854, 0.000087, 1513018689, 0.011840, 0.000082, 1513018701, 0.011847, 0.000075, 99.121277, 1, 50, 12, 1024
b_ts, b_mean, b_std, p_ts, p_mean, p_std, a_ts, a_mean, a_std, rte(ms), gpu, trades, generations, blocksize
1513018709, 0.011840, 0.000088, 1513018709, 0.011834, 0.000083, 1513018721, 0.011843, 0.000089, 74.378883, 1, 50, 36, 128
b_ts, b_mean, b_std, p_ts, p_mean, p_std, a_ts, a_mean, a_std, rte(ms), gpu, trades, generations, blocksize
1513018731, 0.011843, 0.000089, 1513018731, 0.011849, 0.000077, 1513018743, 0.011834, 0.000083, 75.779488, 1, 50, 36, 256
b_ts, b_mean, b_std, p_ts, p_mean, p_std, a_ts, a_mean, a_std, rte(ms), gpu, trades, generations, blocksize
1513018750, 0.011827, 0.000084, 1513018750, 0.011824, 0.000078, 1513018762, 0.011833, 0.000082, 81.414688, 1, 50, 36, 512
b_ts, b_mean, b_std, p_ts, p_mean, p_std, a_ts, a_mean, a_std, rte(ms), gpu, trades, generations, blocksize
1513018770, 0.011833, 0.000082, 1513018771, 0.011830, 0.001382, 1513018783, 0.011832, 0.000086, 102.921791, 1, 50, 36, 1024
b_ts, b_mean, b_std, p_ts, p_mean, p_std, a_ts, a_mean, a_std, rte(ms), gpu, trades, generations, blocksize
1513018792, 0.011830, 0.000078, 1513018792, 0.011824, 0.000072, 1513018804, 0.011833, 0.000085, 74.705055, 1, 50, 72, 128
b_ts, b_mean, b_std, p_ts, p_mean, p_std, a_ts, a_mean, a_std, rte(ms), gpu, trades, generations, blocksize
1513018814, 0.011836, 0.000085, 1513018814, 0.011824, 0.000075, 1513018826, 0.011828, 0.000081, 76.003807, 1, 50, 72, 256
b_ts, b_mean, b_std, p_ts, p_mean, p_std, a_ts, a_mean, a_std, rte(ms), gpu, trades, generations, blocksize
1513018836, 0.011841, 0.000081, 1513018836, 0.011829, 0.000073, 1513018848, 0.011815, 0.000118, 82.987778, 1, 50, 72, 512
b_ts, b_mean, b_std, p_ts, p_mean, p_std, a_ts, a_mean, a_std, rte(ms), gpu, trades, generations, blocksize
1513018857, 0.011815, 0.000118, 1513018857, 0.011786, 0.006600, 1513018869, 0.011816, 0.000104, 103.010658, 1, 50, 72, 1024
b_ts, b_mean, b_std, p_ts, p_mean, p_std, a_ts, a_mean, a_std, rte(ms), gpu, trades, generations, blocksize
1513018878, 0.011813, 0.000104, 1513018878, 0.011780, 0.000093, 1513018890, 0.011799, 0.000101, 73.894493, 1, 50, 144, 128
b_ts, b_mean, b_std, p_ts, p_mean, p_std, a_ts, a_mean, a_std, rte(ms), gpu, trades, generations, blocksize
1513018900, 0.011799, 0.000101, 1513018900, 0.011786, 0.000083, 1513018912, 0.011756, 0.000116, 75.189087, 1, 50, 144, 256
b_ts, b_mean, b_std, p_ts, p_mean, p_std, a_ts, a_mean, a_std, rte(ms), gpu, trades, generations, blocksize
1513018920, 0.011756, 0.000116, 1513018920, 0.011741, 0.000091, 1513018932, 0.011757, 0.000117, 81.947487, 1, 50, 144, 512
b_ts, b_mean, b_std, p_ts, p_mean, p_std, a_ts, a_mean, a_std, rte(ms), gpu, trades, generations, blocksize
1513018940, 0.011756, 0.000116, 1513018940, 0.011793, 0.009192, 1513018952, 0.011752, 0.000129, 104.108803, 1, 50, 144, 1024
b_ts, b_mean, b_std, p_ts, p_mean, p_std, a_ts, a_mean, a_std, rte(ms), gpu, trades, generations, blocksize
1513018960, 0.011752, 0.000129, 1513018960, 0.011784, 0.000104, 1513018972, 0.011766, 0.000136, 90.033920, 1, 50, 1024, 128
b_ts, b_mean, b_std, p_ts, p_mean, p_std, a_ts, a_mean, a_std, rte(ms), gpu, trades, generations, blocksize
1513018980, 0.011835, 0.000115, 1513018980, 0.011815, 0.000106, 1513018992, 0.011818, 0.000095, 91.529823, 1, 50, 1024, 256
b_ts, b_mean, b_std, p_ts, p_mean, p_std, a_ts, a_mean, a_std, rte(ms), gpu, trades, generations, blocksize
1513019000, 0.011818, 0.000095, 1513019000, 0.011804, 0.000090, 1513019012, 0.011833, 0.000098, 93.352386, 1, 50, 1024, 512
b_ts, b_mean, b_std, p_ts, p_mean, p_std, a_ts, a_mean, a_std, rte(ms), gpu, trades, generations, blocksize
1513019019, 0.011833, 0.000098, 1513019020, 0.011810, 0.000090, 1513019032, 0.011833, 0.000094, 102.226913, 1, 50, 1024, 1024
b_ts, b_mean, b_std, p_ts, p_mean, p_std, a_ts, a_mean, a_std, rte(ms), gpu, trades, generations, blocksize
1513019040, 0.011833, 0.000094, 1513019040, 0.011812, 0.000083, 1513019052, 0.011827, 0.000094, 93.873726, 1, 50, 2048, 128
b_ts, b_mean, b_std, p_ts, p_mean, p_std, a_ts, a_mean, a_std, rte(ms), gpu, trades, generations, blocksize
1513019061, 0.011822, 0.000089, 1513019061, 0.011809, 0.000080, 1513019073, 0.011834, 0.000090, 100.037117, 1, 50, 2048, 256
b_ts, b_mean, b_std, p_ts, p_mean, p_std, a_ts, a_mean, a_std, rte(ms), gpu, trades, generations, blocksize
1513019081, 0.011828, 0.000091, 1513019081, 0.011811, 0.000084, 1513019093, 0.011821, 0.000086, 93.017120, 1, 50, 2048, 512
b_ts, b_mean, b_std, p_ts, p_mean, p_std, a_ts, a_mean, a_std, rte(ms), gpu, trades, generations, blocksize
1513019101, 0.011821, 0.000086, 1513019101, 0.011817, 0.000078, 1513019113, 0.011830, 0.000084, 101.525536, 1, 50, 2048, 1024
b_ts, b_mean, b_std, p_ts, p_mean, p_std, a_ts, a_mean, a_std, rte(ms), gpu, trades, generations, blocksize
1513019123, 0.011831, 0.000084, 1513019123, 0.011819, 0.000074, 1513019135, 0.011820, 0.000080, 98.416382, 1, 50, 4096, 128
b_ts, b_mean, b_std, p_ts, p_mean, p_std, a_ts, a_mean, a_std, rte(ms), gpu, trades, generations, blocksize
1513019143, 0.011820, 0.000080, 1513019143, 0.011817, 0.000074, 1513019155, 0.011808, 0.000094, 99.109505, 1, 50, 4096, 256
b_ts, b_mean, b_std, p_ts, p_mean, p_std, a_ts, a_mean, a_std, rte(ms), gpu, trades, generations, blocksize
1513019163, 0.011808, 0.000094, 1513019163, 0.011786, 0.000084, 1513019175, 0.011802, 0.000099, 102.171326, 1, 50, 4096, 512
b_ts, b_mean, b_std, p_ts, p_mean, p_std, a_ts, a_mean, a_std, rte(ms), gpu, trades, generations, blocksize
1513019183, 0.011807, 0.000093, 1513019183, 0.011802, 0.000079, 1513019195, 0.011814, 0.000098, 112.452675, 1, 50, 4096, 1024
b_ts, b_mean, b_std, p_ts, p_mean, p_std, a_ts, a_mean, a_std, rte(ms), gpu, trades, generations, blocksize
1513019204, 0.011808, 0.000096, 1513019204, 0.011807, 0.000082, 1513019216, 0.011806, 0.000091, 114.166206, 1, 50, 8192, 128
b_ts, b_mean, b_std, p_ts, p_mean, p_std, a_ts, a_mean, a_std, rte(ms), gpu, trades, generations, blocksize
1513019224, 0.011805, 0.000094, 1513019224, 0.011796, 0.000089, 1513019236, 0.011809, 0.000088, 116.766525, 1, 50, 8192, 256
b_ts, b_mean, b_std, p_ts, p_mean, p_std, a_ts, a_mean, a_std, rte(ms), gpu, trades, generations, blocksize
1513019244, 0.011809, 0.000088, 1513019244, 0.011808, 0.000073, 1513019256, 0.011802, 0.000094, 127.632065, 1, 50, 8192, 512
b_ts, b_mean, b_std, p_ts, p_mean, p_std, a_ts, a_mean, a_std, rte(ms), gpu, trades, generations, blocksize
1513019266, 0.011799, 0.000098, 1513019266, 0.011793, 0.000084, 1513019278, 0.011741, 0.000123, 122.390465, 1, 50, 8192, 1024
b_ts, b_mean, b_std, p_ts, p_mean, p_std, a_ts, a_mean, a_std, rte(ms), gpu, trades, generations, blocksize
1513019287, 0.011741, 0.000123, 1513019287, 0.011730, 0.000065, 1513019312, 0.011809, 0.000090, 127.687584, 1, 100, 1, 128
b_ts, b_mean, b_std, p_ts, p_mean, p_std, a_ts, a_mean, a_std, rte(ms), gpu, trades, generations, blocksize
1513019320, 0.011823, 0.000095, 1513019320, 0.011740, 0.000057, 1513019345, 0.011811, 0.000107, 132.707520, 1, 100, 1, 256
b_ts, b_mean, b_std, p_ts, p_mean, p_std, a_ts, a_mean, a_std, rte(ms), gpu, trades, generations, blocksize
1513019353, 0.011805, 0.000106, 1513019353, 0.011743, 0.000079, 1513019378, 0.011729, 0.000144, 137.263901, 1, 100, 1, 512
b_ts, b_mean, b_std, p_ts, p_mean, p_std, a_ts, a_mean, a_std, rte(ms), gpu, trades, generations, blocksize
1513019387, 0.011729, 0.000144, 1513019387, 0.011697, 0.011723, 1513019412, 0.011816, 0.000096, 186.457703, 1, 100, 1, 1024
b_ts, b_mean, b_std, p_ts, p_mean, p_std, a_ts, a_mean, a_std, rte(ms), gpu, trades, generations, blocksize
1513019420, 0.011816, 0.000096, 1513019420, 0.011780, 0.000059, 1513019445, 0.011800, 0.000112, 127.407936, 1, 100, 6, 128
b_ts, b_mean, b_std, p_ts, p_mean, p_std, a_ts, a_mean, a_std, rte(ms), gpu, trades, generations, blocksize
1513019452, 0.011800, 0.000112, 1513019452, 0.011738, 0.000077, 1513019477, 0.011803, 0.000122, 131.567230, 1, 100, 6, 256
b_ts, b_mean, b_std, p_ts, p_mean, p_std, a_ts, a_mean, a_std, rte(ms), gpu, trades, generations, blocksize
1513019486, 0.011803, 0.000122, 1513019486, 0.011738, 0.000092, 1513019511, 0.011803, 0.000113, 145.992996, 1, 100, 6, 512
b_ts, b_mean, b_std, p_ts, p_mean, p_std, a_ts, a_mean, a_std, rte(ms), gpu, trades, generations, blocksize
1513019610, 0.011792, 0.000086, 1513019610, 0.011733, 0.000040, 1513019635, 0.011767, 0.000123, 125.103844, 1, 100, 1, 128
b_ts, b_mean, b_std, p_ts, p_mean, p_std, a_ts, a_mean, a_std, rte(ms), gpu, trades, generations, blocksize
1513019644, 0.011758, 0.000124, 1513019645, 0.011665, 0.000066, 1513019670, 0.011765, 0.000092, 125.816002, 1, 100, 1, 256
b_ts, b_mean, b_std, p_ts, p_mean, p_std, a_ts, a_mean, a_std, rte(ms), gpu, trades, generations, blocksize
1513019678, 0.011744, 0.000056, 1513019678, 0.011731, 0.000040, 1513019703, 0.011769, 0.000110, 147.204895, 1, 100, 1, 512
b_ts, b_mean, b_std, p_ts, p_mean, p_std, a_ts, a_mean, a_std, rte(ms), gpu, trades, generations, blocksize
1513019713, 0.011769, 0.000110, 1513019713, 0.011664, 0.011681, 1513019738, 0.011835, 0.000089, 178.200836, 1, 100, 1, 1024
b_ts, b_mean, b_std, p_ts, p_mean, p_std, a_ts, a_mean, a_std, rte(ms), gpu, trades, generations, blocksize
1513019746, 0.011833, 0.000096, 1513019747, 0.011719, 0.000060, 1513019772, 0.011814, 0.000112, 133.342560, 1, 100, 6, 128
b_ts, b_mean, b_std, p_ts, p_mean, p_std, a_ts, a_mean, a_std, rte(ms), gpu, trades, generations, blocksize
1513019780, 0.011830, 0.000097, 1513019780, 0.011702, 0.000054, 1513019805, 0.011728, 0.000074, 124.972290, 1, 100, 6, 256
b_ts, b_mean, b_std, p_ts, p_mean, p_std, a_ts, a_mean, a_std, rte(ms), gpu, trades, generations, blocksize
1513019813, 0.011734, 0.000072, 1513019813, 0.011713, 0.000048, 1513019838, 0.011731, 0.000081, 150.160858, 1, 100, 6, 512
b_ts, b_mean, b_std, p_ts, p_mean, p_std, a_ts, a_mean, a_std, rte(ms), gpu, trades, generations, blocksize
1513019846, 0.011835, 0.000094, 1513019846, 0.011689, 0.000043, 1513019871, 0.011837, 0.000099, 173.410751, 1, 100, 6, 1024
b_ts, b_mean, b_std, p_ts, p_mean, p_std, a_ts, a_mean, a_std, rte(ms), gpu, trades, generations, blocksize
1513019880, 0.011837, 0.000099, 1513019880, 0.011707, 0.000059, 1513019905, 0.011815, 0.000107, 127.319870, 1, 100, 12, 128
b_ts, b_mean, b_std, p_ts, p_mean, p_std, a_ts, a_mean, a_std, rte(ms), gpu, trades, generations, blocksize
1513019914, 0.011788, 0.000119, 1513019914, 0.011666, 0.000056, 1513019939, 0.011794, 0.000119, 127.221214, 1, 100, 12, 256
b_ts, b_mean, b_std, p_ts, p_mean, p_std, a_ts, a_mean, a_std, rte(ms), gpu, trades, generations, blocksize
1513019949, 0.011794, 0.000119, 1513019949, 0.011667, 0.000053, 1513019974, 0.011802, 0.000134, 138.428833, 1, 100, 12, 512
b_ts, b_mean, b_std, p_ts, p_mean, p_std, a_ts, a_mean, a_std, rte(ms), gpu, trades, generations, blocksize
1513019984, 0.011717, 0.000172, 1513019984, 0.011620, 0.011618, 1513020009, 0.011606, 0.000108, 173.555206, 1, 100, 12, 1024
b_ts, b_mean, b_std, p_ts, p_mean, p_std, a_ts, a_mean, a_std, rte(ms), gpu, trades, generations, blocksize
1513020038, 0.011595, 0.000090, 1513020038, 0.011621, 0.000050, 1513020063, 0.011783, 0.000151, 123.983681, 1, 100, 36, 128
b_ts, b_mean, b_std, p_ts, p_mean, p_std, a_ts, a_mean, a_std, rte(ms), gpu, trades, generations, blocksize
1513020071, 0.011783, 0.000151, 1513020071, 0.011617, 0.000095, 1513020096, 0.011662, 0.000109, 124.082626, 1, 100, 36, 256
b_ts, b_mean, b_std, p_ts, p_mean, p_std, a_ts, a_mean, a_std, rte(ms), gpu, trades, generations, blocksize
1513020105, 0.011638, 0.000111, 1513020105, 0.011611, 0.000081, 1513020130, 0.011641, 0.000109, 130.516647, 1, 100, 36, 512
b_ts, b_mean, b_std, p_ts, p_mean, p_std, a_ts, a_mean, a_std, rte(ms), gpu, trades, generations, blocksize
1513020138, 0.011637, 0.000105, 1513020138, 0.011600, 0.000068, 1513020163, 0.011622, 0.000112, 166.973190, 1, 100, 36, 1024
b_ts, b_mean, b_std, p_ts, p_mean, p_std, a_ts, a_mean, a_std, rte(ms), gpu, trades, generations, blocksize
1513020172, 0.011613, 0.000090, 1513020172, 0.011595, 0.000068, 1513020197, 0.011520, 0.000116, 120.508324, 1, 100, 72, 128
b_ts, b_mean, b_std, p_ts, p_mean, p_std, a_ts, a_mean, a_std, rte(ms), gpu, trades, generations, blocksize
1513020206, 0.011617, 0.000111, 1513020206, 0.011591, 0.000070, 1513020231, 0.011518, 0.000113, 131.138077, 1, 100, 72, 256
b_ts, b_mean, b_std, p_ts, p_mean, p_std, a_ts, a_mean, a_std, rte(ms), gpu, trades, generations, blocksize
1513020239, 0.011637, 0.000202, 1513020239, 0.011531, 0.000056, 1513020264, 0.011694, 0.000145, 143.184479, 1, 100, 72, 512
b_ts, b_mean, b_std, p_ts, p_mean, p_std, a_ts, a_mean, a_std, rte(ms), gpu, trades, generations, blocksize
1513020272, 0.011694, 0.000145, 1513020272, 0.011549, 0.001339, 1513020297, 0.011695, 0.000149, 179.921158, 1, 100, 72, 1024
b_ts, b_mean, b_std, p_ts, p_mean, p_std, a_ts, a_mean, a_std, rte(ms), gpu, trades, generations, blocksize
1513020305, 0.011695, 0.000149, 1513020305, 0.011512, 0.000039, 1513020330, 0.011693, 0.000145, 129.182175, 1, 100, 144, 128
b_ts, b_mean, b_std, p_ts, p_mean, p_std, a_ts, a_mean, a_std, rte(ms), gpu, trades, generations, blocksize
1513020339, 0.011693, 0.000145, 1513020339, 0.011514, 0.000042, 1513020364, 0.011537, 0.000114, 129.014847, 1, 100, 144, 256
b_ts, b_mean, b_std, p_ts, p_mean, p_std, a_ts, a_mean, a_std, rte(ms), gpu, trades, generations, blocksize
1513020372, 0.011537, 0.000114, 1513020372, 0.011474, 0.000044, 1513020397, 0.011643, 0.000126, 142.134079, 1, 100, 144, 512
b_ts, b_mean, b_std, p_ts, p_mean, p_std, a_ts, a_mean, a_std, rte(ms), gpu, trades, generations, blocksize
1513020405, 0.011643, 0.000126, 1513020406, 0.011499, 0.006411, 1513020431, 0.011657, 0.000120, 188.133636, 1, 100, 144, 1024
b_ts, b_mean, b_std, p_ts, p_mean, p_std, a_ts, a_mean, a_std, rte(ms), gpu, trades, generations, blocksize
1513020439, 0.011657, 0.000120, 1513020439, 0.011493, 0.000055, 1513020464, 0.011632, 0.000130, 160.398880, 1, 100, 1024, 128
b_ts, b_mean, b_std, p_ts, p_mean, p_std, a_ts, a_mean, a_std, rte(ms), gpu, trades, generations, blocksize
1513020472, 0.011632, 0.000130, 1513020472, 0.011494, 0.000050, 1513020497, 0.011515, 0.000101, 161.951645, 1, 100, 1024, 256
b_ts, b_mean, b_std, p_ts, p_mean, p_std, a_ts, a_mean, a_std, rte(ms), gpu, trades, generations, blocksize
b_ts, b_mean, b_std, p_ts, p_mean, p_std, a_ts, a_mean, a_std, rte(ms), gpu, trades, generations, blocksize
1513020507, 0.011496, 0.000072, 1513020507, 0.011473, 0.000047, 1513020532, 0.011654, 0.000116, 173.764832, 1, 100, 1024, 1024
b_ts, b_mean, b_std, p_ts, p_mean, p_std, a_ts, a_mean, a_std, rte(ms), gpu, trades, generations, blocksize
b_ts, b_mean, b_std, p_ts, p_mean, p_std, a_ts, a_mean, a_std, rte(ms), gpu, trades, generations, blocksize
1513020541, 0.011654, 0.000116, 1513020541, 0.011528, 0.000046, 1513020566, 0.011606, 0.000152, 169.638779, 1, 100, 2048, 256
b_ts, b_mean, b_std, p_ts, p_mean, p_std, a_ts, a_mean, a_std, rte(ms), gpu, trades, generations, blocksize
1513020573, 0.011603, 0.000147, 1513020574, 0.011456, 0.000040, 1513020599, 0.011568, 0.000123, 171.420319, 1, 100, 2048, 512
b_ts, b_mean, b_std, p_ts, p_mean, p_std, a_ts, a_mean, a_std, rte(ms), gpu, trades, generations, blocksize
1513020607, 0.011568, 0.000123, 1513020607, 0.011464, 0.000062, 1513020632, 0.011609, 0.000112, 185.672226, 1, 100, 2048, 1024
b_ts, b_mean, b_std, p_ts, p_mean, p_std, a_ts, a_mean, a_std, rte(ms), gpu, trades, generations, blocksize
1513020640, 0.011609, 0.000112, 1513020640, 0.011475, 0.000051, 1513020665, 0.011624, 0.000098, 177.871201, 1, 100, 4096, 128
b_ts, b_mean, b_std, p_ts, p_mean, p_std, a_ts, a_mean, a_std, rte(ms), gpu, trades, generations, blocksize
1513020676, 0.011624, 0.000098, 1513020677, 0.011472, 0.000045, 1513020702, 0.011630, 0.000123, 182.970566, 1, 100, 4096, 256
b_ts, b_mean, b_std, p_ts, p_mean, p_std, a_ts, a_mean, a_std, rte(ms), gpu, trades, generations, blocksize
1513020710, 0.011630, 0.000123, 1513020710, 0.011470, 0.000056, 1513020735, 0.011599, 0.000111, 177.072220, 1, 100, 4096, 512
b_ts, b_mean, b_std, p_ts, p_mean, p_std, a_ts, a_mean, a_std, rte(ms), gpu, trades, generations, blocksize
1513020747, 0.011599, 0.000115, 1513020747, 0.011438, 0.000053, 1513020772, 0.011530, 0.000101, 198.623810, 1, 100, 4096, 1024
b_ts, b_mean, b_std, p_ts, p_mean, p_std, a_ts, a_mean, a_std, rte(ms), gpu, trades, generations, blocksize
1513020780, 0.011530, 0.000101, 1513020780, 0.011458, 0.000042, 1513020805, 0.011544, 0.000096, 211.362396, 1, 100, 8192, 128
b_ts, b_mean, b_std, p_ts, p_mean, p_std, a_ts, a_mean, a_std, rte(ms), gpu, trades, generations, blocksize
1513020814, 0.011544, 0.000096, 1513020814, 0.011454, 0.000046, 1513020839, 0.011522, 0.000112, 216.024734, 1, 100, 8192, 256
b_ts, b_mean, b_std, p_ts, p_mean, p_std, a_ts, a_mean, a_std, rte(ms), gpu, trades, generations, blocksize
1513020848, 0.011431, 0.000083, 1513020849, 0.011428, 0.000046, 1513020874, 0.011524, 0.000092, 216.741409, 1, 100, 8192, 512
b_ts, b_mean, b_std, p_ts, p_mean, p_std, a_ts, a_mean, a_std, rte(ms), gpu, trades, generations, blocksize
1513020885, 0.011503, 0.000109, 1513020886, 0.011428, 0.000044, 1513020911, 0.011507, 0.000116, 218.906876, 1, 100, 8192, 1024
b_ts, b_mean, b_std, p_ts, p_mean, p_std, a_ts, a_mean, a_std, rte(ms), gpu, trades, generations, blocksize
1513017725, 0.011929, 0.000047, 1513017725, 0.011929, 0.000047, 1513017725, 0.011927, 0.000049, 0.072544, 0, 1, 1, 0
b_ts, b_mean, b_std, p_ts, p_mean, p_std, a_ts, a_mean, a_std, rte(ms), gpu, trades, generations, blocksize
1513017727, 0.011927, 0.000049, 1513017727, 0.011927, 0.000049, 1513017727, 0.011927, 0.000049, 0.368223, 0, 1, 6, 0
b_ts, b_mean, b_std, p_ts, p_mean, p_std, a_ts, a_mean, a_std, rte(ms), gpu, trades, generations, blocksize
1513017730, 0.011927, 0.000049, 1513017730, 0.011926, 0.000049, 1513017730, 0.011926, 0.000042, 0.728312, 0, 1, 12, 0
b_ts, b_mean, b_std, p_ts, p_mean, p_std, a_ts, a_mean, a_std, rte(ms), gpu, trades, generations, blocksize
1513017731, 0.011926, 0.000042, 1513017731, 0.011914, 0.000041, 1513017732, 0.011930, 0.000043, 1.364017, 0, 1, 36, 0
b_ts, b_mean, b_std, p_ts, p_mean, p_std, a_ts, a_mean, a_std, rte(ms), gpu, trades, generations, blocksize
1513017733, 0.011930, 0.000043, 1513017733, 0.011908, 0.000044, 1513017734, 0.011930, 0.000043, 4.171275, 0, 1, 72, 0
b_ts, b_mean, b_std, p_ts, p_mean, p_std, a_ts, a_mean, a_std, rte(ms), gpu, trades, generations, blocksize
1513017735, 0.011924, 0.000047, 1513017735, 0.011889, 0.000034, 1513017736, 0.011924, 0.000047, 15.763180, 0, 1, 144, 0
b_ts, b_mean, b_std, p_ts, p_mean, p_std, a_ts, a_mean, a_std, rte(ms), gpu, trades, generations, blocksize
1513017737, 0.011924, 0.000047, 1513017737, -nan, nan, 1513017738, 0.011926, 0.000052, 685.004247, 0, 1, 1024, 0
b_ts, b_mean, b_std, p_ts, p_mean, p_std, a_ts, a_mean, a_std, rte(ms), gpu, trades, generations, blocksize
1513018664, 0.011841, 0.000093, 1513018664, 0.011841, 0.000093, 1513018664, 0.011841, 0.000093, 0.101631, 0, 1, 1, 0
b_ts, b_mean, b_std, p_ts, p_mean, p_std, a_ts, a_mean, a_std, rte(ms), gpu, trades, generations, blocksize
1513018665, 0.011841, 0.000093, 1513018665, 0.011835, 0.000092, 1513018665, 0.011841, 0.000093, 0.327029, 0, 1, 6, 0
b_ts, b_mean, b_std, p_ts, p_mean, p_std, a_ts, a_mean, a_std, rte(ms), gpu, trades, generations, blocksize
1513018665, 0.011841, 0.000093, 1513018665, 0.011835, 0.000092, 1513018665, 0.011841, 0.000093, 0.516185, 0, 1, 12, 0
b_ts, b_mean, b_std, p_ts, p_mean, p_std, a_ts, a_mean, a_std, rte(ms), gpu, trades, generations, blocksize
1513018667, 0.011850, 0.000084, 1513018667, 0.011842, 0.000081, 1513018668, 0.011850, 0.000084, 1.203973, 0, 1, 36, 0
b_ts, b_mean, b_std, p_ts, p_mean, p_std, a_ts, a_mean, a_std, rte(ms), gpu, trades, generations, blocksize
1513018669, 0.011850, 0.000084, 1513018669, 0.011836, 0.000078, 1513018669, 0.011850, 0.000084, 3.940233, 0, 1, 72, 0
b_ts, b_mean, b_std, p_ts, p_mean, p_std, a_ts, a_mean, a_std, rte(ms), gpu, trades, generations, blocksize
1513018669, 0.011850, 0.000084, 1513018669, 0.011761, 0.000049, 1513018670, 0.011850, 0.000084, 13.879813, 0, 1, 144, 0
b_ts, b_mean, b_std, p_ts, p_mean, p_std, a_ts, a_mean, a_std, rte(ms), gpu, trades, generations, blocksize
1513018671, 0.011846, 0.000091, 1513018671, -nan, nan, 1513018671, 0.011846, 0.000091, 663.325130, 0, 1, 1024, 0
b_ts, b_mean, b_std, p_ts, p_mean, p_std, a_ts, a_mean, a_std, rte(ms), gpu, trades, generations, blocksize
1513018672, 0.011846, 0.000091, 1513018672, 0.011846, 0.000091, 1513018673, 0.011839, 0.000088, 0.077400, 0, 5, 1, 0
b_ts, b_mean, b_std, p_ts, p_mean, p_std, a_ts, a_mean, a_std, rte(ms), gpu, trades, generations, blocksize
1513018674, 0.011839, 0.000088, 1513018674, 0.011835, 0.000087, 1513018677, 0.011847, 0.000088, 0.287748, 0, 5, 6, 0
b_ts, b_mean, b_std, p_ts, p_mean, p_std, a_ts, a_mean, a_std, rte(ms), gpu, trades, generations, blocksize
1513018677, 0.011847, 0.000088, 1513018677, 0.011839, 0.000086, 1513018679, 0.011847, 0.000088, 0.431005, 0, 5, 12, 0
b_ts, b_mean, b_std, p_ts, p_mean, p_std, a_ts, a_mean, a_std, rte(ms), gpu, trades, generations, blocksize
b_ts, b_mean, b_std, p_ts, p_mean, p_std, a_ts, a_mean, a_std, rte(ms), gpu, trades, generations, blocksize
1513018812, 0.011835, 0.000081, 1513018812, 0.011835, 0.000081, 1513018813, 0.011835, 0.000081, 0.108171, 0, 1, 1, 0
b_ts, b_mean, b_std, p_ts, p_mean, p_std, a_ts, a_mean, a_std, rte(ms), gpu, trades, generations, blocksize
1513018814, 0.011835, 0.000081, 1513018814, 0.011829, 0.000078, 1513018814, 0.011835, 0.000081, 0.291323, 0, 1, 6, 0
b_ts, b_mean, b_std, p_ts, p_mean, p_std, a_ts, a_mean, a_std, rte(ms), gpu, trades, generations, blocksize
1513018815, 0.011835, 0.000081, 1513018815, 0.011830, 0.000077, 1513018816, 0.011828, 0.000081, 0.449649, 0, 1, 12, 0
b_ts, b_mean, b_std, p_ts, p_mean, p_std, a_ts, a_mean, a_std, rte(ms), gpu, trades, generations, blocksize
1513018817, 0.011828, 0.000081, 1513018817, 0.011820, 0.000077, 1513018818, 0.011828, 0.000081, 1.487188, 0, 1, 36, 0
b_ts, b_mean, b_std, p_ts, p_mean, p_std, a_ts, a_mean, a_std, rte(ms), gpu, trades, generations, blocksize
1513018818, 0.011842, 0.000081, 1513018818, 0.011824, 0.000070, 1513018818, 0.011842, 0.000081, 4.072308, 0, 1, 72, 0
b_ts, b_mean, b_std, p_ts, p_mean, p_std, a_ts, a_mean, a_std, rte(ms), gpu, trades, generations, blocksize
1513018819, 0.011842, 0.000081, 1513018819, 0.011781, 0.000037, 1513018820, 0.011842, 0.000081, 14.833434, 0, 1, 144, 0
b_ts, b_mean, b_std, p_ts, p_mean, p_std, a_ts, a_mean, a_std, rte(ms), gpu, trades, generations, blocksize
1513018820, 0.011842, 0.000081, 1513018820, 0.011842, 0.000081, 1513018822, 0.011839, 0.000080, 0.080426, 0, 5, 1, 0
b_ts, b_mean, b_std, p_ts, p_mean, p_std, a_ts, a_mean, a_std, rte(ms), gpu, trades, generations, blocksize
1513018822, 0.011839, 0.000080, 1513018822, 0.011832, 0.000076, 1513018824, 0.011839, 0.000080, 0.276721, 0, 5, 6, 0
b_ts, b_mean, b_std, p_ts, p_mean, p_std, a_ts, a_mean, a_std, rte(ms), gpu, trades, generations, blocksize
1513018824, 0.011833, 0.000085, 1513018824, 0.011829, 0.000079, 1513018827, 0.011833, 0.000085, 0.493627, 0, 5, 12, 0
b_ts, b_mean, b_std, p_ts, p_mean, p_std, a_ts, a_mean, a_std, rte(ms), gpu, trades, generations, blocksize
1513018829, 0.011836, 0.000085, 1513018829, 0.011821, 0.000079, 1513018830, 0.011836, 0.000085, 1.368128, 0, 5, 36, 0
b_ts, b_mean, b_std, p_ts, p_mean, p_std, a_ts, a_mean, a_std, rte(ms), gpu, trades, generations, blocksize
1513018833, 0.011837, 0.000078, 1513018833, 0.011817, 0.000067, 1513018834, 0.011834, 0.000081, 4.326646, 0, 5, 72, 0
b_ts, b_mean, b_std, p_ts, p_mean, p_std, a_ts, a_mean, a_std, rte(ms), gpu, trades, generations, blocksize
1513018835, 0.011834, 0.000081, 1513018835, 0.011774, 0.000048, 1513018837, 0.011828, 0.000080, 14.380410, 0, 5, 144, 0
b_ts, b_mean, b_std, p_ts, p_mean, p_std, a_ts, a_mean, a_std, rte(ms), gpu, trades, generations, blocksize
b_ts, b_mean, b_std, p_ts, p_mean, p_std, a_ts, a_mean, a_std, rte(ms), gpu, trades, generations, blocksize
1513018988, 0.011749, 0.000130, 1513018988, 0.011749, 0.000130, 1513018988, 0.011749, 0.000130, 0.092035, 0, 1, 1, 0
b_ts, b_mean, b_std, p_ts, p_mean, p_std, a_ts, a_mean, a_std, rte(ms), gpu, trades, generations, blocksize
1513018989, 0.011749, 0.000130, 1513018989, 0.011749, 0.000130, 1513018990, 0.011749, 0.000130, 0.159976, 0, 5, 1, 0
b_ts, b_mean, b_std, p_ts, p_mean, p_std, a_ts, a_mean, a_std, rte(ms), gpu, trades, generations, blocksize
1513018991, 0.011749, 0.000130, 1513018991, 0.011749, 0.000130, 1513018994, 0.011749, 0.000130, 0.111846, 0, 10, 1, 0
b_ts, b_mean, b_std, p_ts, p_mean, p_std, a_ts, a_mean, a_std, rte(ms), gpu, trades, generations, blocksize
1513018995, 0.011835, 0.000115, 1513018995, 0.011835, 0.000115, 1513019007, 0.011837, 0.000110, 0.087743, 0, 50, 1, 0
b_ts, b_mean, b_std, p_ts, p_mean, p_std, a_ts, a_mean, a_std, rte(ms), gpu, trades, generations, blocksize
1513019008, 0.011837, 0.000110, 1513019008, 0.011837, 0.000110, 1513019034, 0.011833, 0.000098, 0.161759, 0, 100, 1, 0
b_ts, b_mean, b_std, p_ts, p_mean, p_std, a_ts, a_mean, a_std, rte(ms), gpu, trades, generations, blocksize
1513019034, 0.011833, 0.000098, 1513019034, 0.011827, 0.000096, 1513019034, 0.011833, 0.000098, 0.335410, 0, 1, 6, 0
b_ts, b_mean, b_std, p_ts, p_mean, p_std, a_ts, a_mean, a_std, rte(ms), gpu, trades, generations, blocksize
1513019036, 0.011826, 0.000094, 1513019036, 0.011833, 0.000084, 1513019038, 0.011826, 0.000094, 0.306210, 0, 5, 6, 0
b_ts, b_mean, b_std, p_ts, p_mean, p_std, a_ts, a_mean, a_std, rte(ms), gpu, trades, generations, blocksize
1513019040, 0.011844, 0.000079, 1513019040, 0.011840, 0.000073, 1513019042, 0.011844, 0.000079, 0.364068, 0, 10, 6, 0
b_ts, b_mean, b_std, p_ts, p_mean, p_std, a_ts, a_mean, a_std, rte(ms), gpu, trades, generations, blocksize
1513019044, 0.011826, 0.000091, 1513019044, 0.011827, 0.000088, 1513019056, 0.011833, 0.000094, 0.268037, 0, 50, 6, 0
b_ts, b_mean, b_std, p_ts, p_mean, p_std, a_ts, a_mean, a_std, rte(ms), gpu, trades, generations, blocksize
1513019057, 0.011833, 0.000094, 1513019057, 0.011832, 0.000092, 1513019082, 0.011825, 0.000091, 0.357929, 0, 100, 6, 0
b_ts, b_mean, b_std, p_ts, p_mean, p_std, a_ts, a_mean, a_std, rte(ms), gpu, trades, generations, blocksize
1513019083, 0.011825, 0.000091, 1513019083, 0.011817, 0.000088, 1513019083, 0.011825, 0.000091, 0.375339, 0, 1, 12, 0
b_ts, b_mean, b_std, p_ts, p_mean, p_std, a_ts, a_mean, a_std, rte(ms), gpu, trades, generations, blocksize
1513019084, 0.011817, 0.000087, 1513019084, 0.011815, 0.000086, 1513019086, 0.011817, 0.000087, 0.425241, 0, 5, 12, 0
b_ts, b_mean, b_std, p_ts, p_mean, p_std, a_ts, a_mean, a_std, rte(ms), gpu, trades, generations, blocksize
1513019088, 0.011835, 0.000090, 1513019088, 0.011832, 0.000089, 1513019090, 0.011835, 0.000090, 0.428784, 0, 10, 12, 0
b_ts, b_mean, b_std, p_ts, p_mean, p_std, a_ts, a_mean, a_std, rte(ms), gpu, trades, generations, blocksize
1513019092, 0.011834, 0.000090, 1513019092, 0.011829, 0.000085, 1513019104, 0.011821, 0.000085, 0.432825, 0, 50, 12, 0
b_ts, b_mean, b_std, p_ts, p_mean, p_std, a_ts, a_mean, a_std, rte(ms), gpu, trades, generations, blocksize
1513019105, 0.011821, 0.000085, 1513019105, 0.011821, 0.000081, 1513019130, 0.011830, 0.000084, 0.515835, 0, 100, 12, 0
b_ts, b_mean, b_std, p_ts, p_mean, p_std, a_ts, a_mean, a_std, rte(ms), gpu, trades, generations, blocksize
1513019131, 0.011830, 0.000084, 1513019131, 0.011821, 0.000075, 1513019133, 0.011831, 0.000084, 1.433835, 0, 1, 36, 0
b_ts, b_mean, b_std, p_ts, p_mean, p_std, a_ts, a_mean, a_std, rte(ms), gpu, trades, generations, blocksize
1513019134, 0.011831, 0.000084, 1513019134, 0.011818, 0.000078, 1513019137, 0.011831, 0.000084, 1.307670, 0, 5, 36, 0
b_ts, b_mean, b_std, p_ts, p_mean, p_std, a_ts, a_mean, a_std, rte(ms), gpu, trades, generations, blocksize
1513019139, 0.011837, 0.000084, 1513019139, 0.011821, 0.000075, 1513019142, 0.011837, 0.000084, 1.564428, 0, 10, 36, 0
b_ts, b_mean, b_std, p_ts, p_mean, p_std, a_ts, a_mean, a_std, rte(ms), gpu, trades, generations, blocksize
1513019143, 0.011824, 0.000076, 1513019143, 0.011818, 0.000073, 1513019155, 0.011820, 0.000080, 1.396895, 0, 50, 36, 0
b_ts, b_mean, b_std, p_ts, p_mean, p_std, a_ts, a_mean, a_std, rte(ms), gpu, trades, generations, blocksize
1513019157, 0.011820, 0.000080, 1513019157, 0.011816, 0.000077, 1513019182, 0.011807, 0.000091, 1.208909, 0, 100, 36, 0
b_ts, b_mean, b_std, p_ts, p_mean, p_std, a_ts, a_mean, a_std, rte(ms), gpu, trades, generations, blocksize
1513019183, 0.011807, 0.000091, 1513019183, 0.011766, 0.000059, 1513019184, 0.011807, 0.000091, 4.035283, 0, 1, 72, 0
b_ts, b_mean, b_std, p_ts, p_mean, p_std, a_ts, a_mean, a_std, rte(ms), gpu, trades, generations, blocksize
1513019186, 0.011807, 0.000091, 1513019186, 0.011766, 0.000060, 1513019188, 0.011803, 0.000097, 4.395594, 0, 5, 72, 0
b_ts, b_mean, b_std, p_ts, p_mean, p_std, a_ts, a_mean, a_std, rte(ms), gpu, trades, generations, blocksize
1513019190, 0.011803, 0.000097, 1513019190, 0.011756, 0.000073, 1513019192, 0.011802, 0.000099, 4.362021, 0, 10, 72, 0
b_ts, b_mean, b_std, p_ts, p_mean, p_std, a_ts, a_mean, a_std, rte(ms), gpu, trades, generations, blocksize
1513019194, 0.011807, 0.000093, 1513019194, 0.011799, 0.000077, 1513019206, 0.011818, 0.000083, 4.016998, 0, 50, 72, 0
b_ts, b_mean, b_std, p_ts, p_mean, p_std, a_ts, a_mean, a_std, rte(ms), gpu, trades, generations, blocksize
1513019207, 0.011818, 0.000083, 1513019207, 0.011793, 0.000062, 1513019232, 0.011802, 0.000091, 4.071629, 0, 100, 72, 0
b_ts, b_mean, b_std, p_ts, p_mean, p_std, a_ts, a_mean, a_std, rte(ms), gpu, trades, generations, blocksize
1513019234, 0.011802, 0.000091, 1513019234, 0.011765, 0.000058, 1513019235, 0.011802, 0.000091, 13.794168, 0, 1, 144, 0
b_ts, b_mean, b_std, p_ts, p_mean, p_std, a_ts, a_mean, a_std, rte(ms), gpu, trades, generations, blocksize
1513019237, 0.011805, 0.000094, 1513019237, 0.011757, 0.000062, 1513019238, 0.011806, 0.000091, 15.281447, 0, 5, 144, 0
b_ts, b_mean, b_std, p_ts, p_mean, p_std, a_ts, a_mean, a_std, rte(ms), gpu, trades, generations, blocksize
1513019240, 0.011806, 0.000091, 1513019240, 0.011765, 0.000060, 1513019242, 0.011803, 0.000092, 13.972634, 0, 10, 144, 0
b_ts, b_mean, b_std, p_ts, p_mean, p_std, a_ts, a_mean, a_std, rte(ms), gpu, trades, generations, blocksize
1513019243, 0.011807, 0.000092, 1513019243, 0.011763, 0.000058, 1513019256, 0.011809, 0.000088, 17.889372, 0, 50, 144, 0
b_ts, b_mean, b_std, p_ts, p_mean, p_std, a_ts, a_mean, a_std, rte(ms), gpu, trades, generations, blocksize
1513019258, 0.011809, 0.000088, 1513019258, 0.011765, 0.000052, 1513019283, 0.011816, 0.000092, 14.446458, 0, 100, 144, 0
